{"ValveOpenTime_L": 0.07, "ValveOpenTime_R": 0.07, "ValveOpenTime_M": 0.0, "Trialnumber_in_block": 30, "Trialnumber_in_block_max": 100, "Trialnumber_in_block_min": 50, "block_start_with_bias_check": 0.5, "block_number": 500, "difficulty_sum_reward_rate": 0.45, "difficulty_ratio_pair_num": 4, "delay": 0.2, "delay_min": 0.2, "delay_max": 1.0, "response_time": 3.0, "Reward_consume_time": 1.0, "iti": 2.0, "iti_min": 1.0, "iti_max": 7.0, "increase_ITI_on_ignore_trials": true, "motor_retractiondistance": 60000, "motor_retract_waterport": true, "accumulate_reward": true, "auto_water": false, "auto_water_time_multiplier": 0.8, "auto_water_min_unrewarder_trials_in_a_row": 15, "auto_water_min_ignored_trials_in_a_row": 10, "auto_train_min_rewarded_trial_num": 0, "early_lick_punishment": -4.0, "reward_rate_family": 1, "lickport_number": 2, "auto_stop_max_ignored_trials_in_a_row": 20, "fixation_reward": 0.01, "change_to_go_next_block": 1, "auto_block_switch_type": 0, "auto_block_switch_threshold": 0.5, "auto_block_switch_points": 5, "reward_probabilities_R": [0.225, 0.3375, 0.06430000000000001, 0.38570000000000004, 0.05, 0.4, 0.1125, 0.38570000000000004, 0.06430000000000001, 0.4, 0.1125, 0.3375, 0.225, 0.05, 0.3375, 0.1125, 0.4, 0.05, 0.225, 0.38570000000000004, 0.06430000000000001, 0.38570000000000004, 0.06430000000000001, 0.4, 0.1125, 0.225, 0.3375, 0.05, 0.4, 0.225, 0.06430000000000001, 0.3375, 0.1125, 0.38570000000000004, 0.05, 0.38570000000000004, 0.05, 0.225, 0.4, 0.06430000000000001, 0.3375, 0.1125, 0.3375, 0.225, 0.06430000000000001, 0.4, 0.1125, 0.38570000000000004, 0.05, 0.3375, 0.05, 0.225, 0.38570000000000004, 0.1125, 0.4, 0.06430000000000001, 0.3375, 0.225, 0.06430000000000001, 0.4, 0.05, 0.38570000000000004, 0.1125, 0.4, 0.06430000000000001, 0.3375, 0.1125, 0.38570000000000004, 0.05, 0.225, 0.4, 0.05, 0.38570000000000004, 0.225, 0.06430000000000001, 0.3375, 0.1125, 0.4, 0.05, 0.38570000000000004, 0.1125, 0.225, 0.3375, 0.06430000000000001, 0.4, 0.1125, 0.3375, 0.06430000000000001, 0.38570000000000004, 0.225, 0.05, 0.4, 0.06430000000000001, 0.3375, 0.225, 0.1125, 0.38570000000000004, 0.05, 0.38570000000000004, 0.06430000000000001, 0.4, 0.05, 0.3375, 0.225, 0.1125, 0.225, 0.4, 0.05, 0.3375, 0.06430000000000001, 0.38570000000000004, 0.1125, 0.4, 0.06430000000000001, 0.38570000000000004, 0.1125, 0.3375, 0.05, 0.225, 0.38570000000000004, 0.06430000000000001, 0.4, 0.225, 0.05, 0.3375, 0.1125, 0.3375, 0.1125, 0.225, 0.4, 0.05, 0.38570000000000004, 0.06430000000000001, 0.225, 0.4, 0.06430000000000001, 0.38570000000000004, 0.1125, 0.3375, 0.05, 0.38570000000000004, 0.06430000000000001, 0.3375, 0.05, 0.4, 0.1125, 0.225, 0.38570000000000004, 0.06430000000000001, 0.3375, 0.225, 0.05, 0.4, 0.1125, 0.4, 0.1125, 0.3375, 0.225, 0.05, 0.38570000000000004, 0.06430000000000001, 0.3375, 0.1125, 0.38570000000000004, 0.225, 0.05, 0.4, 0.06430000000000001, 0.38570000000000004, 0.1125, 0.3375, 0.05, 0.4, 0.225, 0.06430000000000001, 0.3375, 0.06430000000000001, 0.38570000000000004, 0.1125, 0.4, 0.05, 0.225, 0.4, 0.05, 0.38570000000000004, 0.06430000000000001, 0.3375, 0.225, 0.1125, 0.38570000000000004, 0.06430000000000001, 0.4, 0.225, 0.05, 0.3375, 0.1125, 0.38570000000000004, 0.06430000000000001, 0.225, 0.3375, 0.1125, 0.4, 0.05, 0.3375, 0.06430000000000001, 0.38570000000000004, 0.05, 0.4, 0.1125, 0.225, 0.3375, 0.06430000000000001, 0.38570000000000004, 0.05, 0.4, 0.225, 0.1125, 0.4, 0.06430000000000001, 0.38570000000000004, 0.225, 0.1125, 0.3375, 0.05, 0.3375, 0.06430000000000001, 0.38570000000000004, 0.05, 0.4, 0.225, 0.1125, 0.38570000000000004, 0.06430000000000001, 0.4, 0.1125, 0.225, 0.3375, 0.05, 0.38570000000000004, 0.06430000000000001, 0.4, 0.225, 0.1125, 0.3375, 0.05, 0.38570000000000004, 0.05, 0.225, 0.3375, 0.06430000000000001, 0.4, 0.1125, 0.4, 0.1125, 0.225, 0.3375, 0.06430000000000001, 0.38570000000000004, 0.05, 0.3375, 0.1125, 0.38570000000000004, 0.05, 0.225, 0.4, 0.06430000000000001, 0.3375, 0.1125, 0.4, 0.05, 0.38570000000000004, 0.225, 0.06430000000000001, 0.4, 0.06430000000000001, 0.3375, 0.05, 0.38570000000000004, 0.225, 0.1125, 0.3375, 0.05, 0.4, 0.06430000000000001, 0.225, 0.38570000000000004, 0.1125, 0.4, 0.1125, 0.3375, 0.225, 0.06430000000000001, 0.38570000000000004, 0.05, 0.4, 0.1125, 0.3375, 0.05, 0.225, 0.38570000000000004, 0.06430000000000001, 0.4, 0.1125, 0.225, 0.38570000000000004, 0.05, 0.3375, 0.06430000000000001, 0.225, 0.3375, 0.1125, 0.4, 0.06430000000000001, 0.38570000000000004, 0.05, 0.4, 0.06430000000000001, 0.38570000000000004, 0.05, 0.225, 0.3375, 0.1125, 0.225, 0.38570000000000004, 0.06430000000000001, 0.3375, 0.1125, 0.4, 0.05, 0.225, 0.4, 0.1125, 0.38570000000000004, 0.05, 0.3375, 0.06430000000000001, 0.3375, 0.1125, 0.4, 0.05, 0.38570000000000004, 0.06430000000000001, 0.225, 0.38570000000000004, 0.1125, 0.3375, 0.06430000000000001, 0.225, 0.4, 0.05, 0.38570000000000004, 0.05, 0.4, 0.225, 0.06430000000000001, 0.3375, 0.1125, 0.3375, 0.225, 0.1125, 0.38570000000000004, 0.06430000000000001, 0.4, 0.05, 0.4, 0.1125, 0.3375, 0.225, 0.06430000000000001, 0.38570000000000004, 0.05, 0.4, 0.06430000000000001, 0.3375, 0.225, 0.05, 0.38570000000000004, 0.1125, 0.4, 0.05, 0.3375, 0.225, 0.1125, 0.38570000000000004, 0.06430000000000001, 0.225, 0.38570000000000004, 0.1125, 0.3375, 0.05, 0.4, 0.06430000000000001, 0.3375, 0.1125, 0.38570000000000004, 0.05, 0.225, 0.4, 0.06430000000000001, 0.4, 0.1125, 0.38570000000000004, 0.06430000000000001, 0.3375, 0.225, 0.05, 0.4, 0.06430000000000001, 0.38570000000000004, 0.1125, 0.3375, 0.225, 0.05, 0.3375, 0.05, 0.38570000000000004, 0.06430000000000001, 0.4, 0.225, 0.1125, 0.3375, 0.06430000000000001, 0.4, 0.225, 0.05, 0.38570000000000004, 0.1125, 0.38570000000000004, 0.1125, 0.4, 0.05, 0.225, 0.3375, 0.06430000000000001, 0.38570000000000004, 0.225, 0.05, 0.3375, 0.1125, 0.4, 0.06430000000000001, 0.38570000000000004, 0.06430000000000001, 0.225, 0.4, 0.05, 0.3375, 0.1125, 0.4, 0.225, 0.05, 0.3375, 0.1125, 0.38570000000000004, 0.06430000000000001, 0.3375, 0.1125, 0.38570000000000004, 0.225, 0.06430000000000001, 0.4, 0.05, 0.3375, 0.1125, 0.225, 0.38570000000000004, 0.05, 0.4, 0.06430000000000001, 0.3375, 0.05, 0.4, 0.06430000000000001, 0.38570000000000004, 0.225, 0.1125, 0.38570000000000004, 0.225, 0.06430000000000001, 0.3375, 0.05, 0.4, 0.1125, 0.4, 0.05, 0.38570000000000004, 0.1125, 0.3375, 0.225, 0.06430000000000001, 0.3375, 0.1125, 0.38570000000000004, 0.06430000000000001, 0.4, 0.05, 0.225, 0.4, 0.06430000000000001, 0.225],